function,ndim,seed,evaluations,best_value,known_optimum,gap,best_x,random_best,seconds
Ackley01,2,0,60,3.784335225284473,0.0,3.784335225284473,"[-0.9868108535052755, 0.255285503217479]",11.44523053014178,1.4156943749985658
Ackley01,2,1,60,4.532219606107251,0.0,4.532219606107251,"[-0.7010828697113922, 0.5320281781571694]",17.571318293332933,1.2216193330095848
Ackley01,2,42,60,2.1901177131722105,0.0,2.1901177131722105,"[0.05837093897067547, 0.29885870797316727]",11.941821975457009,1.1674590420007007
Griewank,2,0,60,0.48198932331977407,0.0,0.48198932331977407,"[0.08921355232133976, 10.289278465221159]",0.925008212173616,2.188271833001636
Griewank,2,1,60,0.13047327419308452,0.0,0.13047327419308452,"[-3.550381133292518, 13.363528454934055]",0.7932002257552659,1.5759394579945365
Griewank,2,42,60,0.1969986041018864,0.0,0.1969986041018864,"[-19.125006702338027, 0.5339926964305022]",0.7246887733772744,1.2164049169950886
Levy03,2,0,60,0.058453473939849045,0.0,0.058453473939849045,"[0.8184716562184757, 0.3004231739012919]",1.443947420412708,1.303894707991276
Levy03,2,1,60,0.12510380456168246,0.0,0.12510380456168246,"[1.0008507012162262, 2.414795813514637]",1.3970254279119123,1.3203132089984138
Levy03,2,42,60,0.27212745603782384,0.0,0.27212745603782384,"[1.2857737939039389, -0.6502212781942251]",1.128893527652756,0.8707012920058332
Branin01,2,0,60,0.3979477221384222,0.39788735772973816,6.0364408684066007e-05,"[3.1444096485993995, 2.2775228348276304]",1.6408565170349085,2.0906790410081157
Branin01,2,1,60,0.4170866837678897,0.39788735772973816,0.019199326038151554,"[9.409327904249603, 2.5963610165624655]",0.8610418123088834,1.3330494169931626
Branin01,2,42,60,0.40971867732326395,0.39788735772973816,0.011831319593525791,"[9.385766142566407, 2.375018121605286]",1.2662695388594027,1.4006064999994123
