case,family,ndim,category,dimension_band,known_optimum,initial_gap_median,bo_best_median,bo_gap_median,bo_relative_gap,bo_seconds_median,ga_best_median,ga_gap_median,ga_relative_gap,ga_seconds_median,random_best_median,random_gap_median,random_relative_gap,random_seconds_median,winner,bo_paired_wins,ga_paired_wins
Ackley01_2D,Ackley01,2,multimodal,low (2-5),0.0,13.725509682803104,2.5525631565950317,2.5525631565950317,0.1419141696593812,7.878592833993025,4.965423183872403,4.965423183872403,0.27606130188240785,0.009614083013730124,9.79177559971777,9.79177559971777,0.7133997808464652,0.0008457909862045199,BO,3,0
Ackley01_3D,Ackley01,3,multimodal,low (2-5),0.0,16.790658582521495,0.801237394684311,0.801237394684311,0.04833228454776939,7.603654250007821,11.249416063436914,11.249416063436914,0.5942592031467333,0.005135666986461729,13.553681895424418,13.553681895424418,0.8072156210437952,0.00036845801514573395,BO,3,0
Ackley01_5D,Ackley01,5,multimodal,low (2-5),0.0,20.04934245169105,16.890513331829194,16.890513331829194,0.8417891316117654,6.666954957996495,14.86975880712474,14.86975880712474,0.757948310296451,0.0037778329860884696,17.96678004371157,17.96678004371157,0.9881047911757783,0.00036562501918524504,GA,1,2
Ackley01_10D,Ackley01,10,multimodal,medium (10-20),0.0,20.577090154621327,5.027574824005725,5.027574824005725,0.256760007740431,15.583008959001745,19.232050487781063,19.232050487781063,0.9183904740781204,0.0035128750023432076,20.08711165239569,20.08711165239569,0.9796203636776333,0.000391999987186864,BO,2,1
Ackley01_20D,Ackley01,20,multimodal,medium (10-20),0.0,20.726840005182726,10.040851563948216,10.040851563948216,0.4878295843694407,45.78071670800273,20.00622075964382,20.00622075964382,0.9719918968847585,0.0037498749734368175,20.56728462596781,20.56728462596781,0.9992508948861113,0.0008440419915132225,BO,2,1
Ackley01_30D,Ackley01,30,multimodal,high (30-50),0.0,20.909622511185812,19.250660766785053,19.250660766785053,0.9206603685210826,41.10156279199873,20.49991988580997,20.49991988580997,0.9782059757066255,0.007477792009012774,20.75393704244361,20.75393704244361,0.9944592341308233,0.0003848750202450901,BO,2,1
Ackley01_50D,Ackley01,50,multimodal,high (30-50),0.0,20.977070391866945,19.866295996931125,19.866295996931125,0.9401076141213097,599.4248597080004,20.686962420491728,20.686962420491728,0.9899934105631318,0.004926792025798932,20.954032927648246,20.954032927648246,0.9989017787618413,0.0004150420136284083,BO,3,0
Beale_2D,Beale,2,valley,low (2-5),0.0,1.945012212698491,0.23729856773988045,0.23729856773988045,0.8372254554564571,6.514445250009885,0.5484305891229311,0.5484305891229311,0.49538079614071523,0.004141874989727512,0.23729856773988045,0.23729856773988045,0.29871832622068084,0.00021487497724592686,BO,1,2
Branin01_2D,Branin01,2,multiple_global_minima,low (2-5),0.39788735772973816,7.0910381669193985,0.39791959013339095,3.223240365279878e-05,7.888640652755077e-06,10.548970499978168,0.6680831379369234,0.27019578020718527,0.03810383950091867,0.006831125007010996,0.8193481021064315,0.42146074437669334,0.05017664656235948,0.0001022910000756383,BO,3,0
Brown_2D,Brown,2,smooth_coupled,low (2-5),0.0,0.0888629380165285,0.02510377364483578,0.02510377364483578,0.9995099042721951,8.477000125014456,0.001066437365660108,0.001066437365660108,0.04821385000030308,0.0086583330121357,0.08144487464010969,0.08144487464010969,0.9165224159588438,0.0004224579897709191,GA,0,3
Brown_5D,Brown,5,smooth_coupled,low (2-5),0.0,8.477848722108257,3.348286579121409,3.348286579121409,0.4704138809095182,11.875262166984612,0.7906024195500254,0.7906024195500254,0.11975894565713116,0.007930124993436038,1.4778692536743643,1.4778692536743643,0.3398679808123286,0.0004335409903433174,GA,0,3
Brown_10D,Brown,10,smooth_coupled,medium (10-20),0.0,127.12072853936854,16.519535783649825,16.519535783649825,0.127191558354943,30.008198875002563,4.459680426475979,4.459680426475979,0.0318770897091337,0.010006582975620404,22.9400112034635,22.9400112034635,0.18385515584775777,0.0006897079874761403,GA,0,3
CEC_F1_10D,CEC_F1,10,ill_conditioned_rotated,medium (10-20),100.0,863587817.9850582,199257724.529493,199257624.529493,0.2307323243563176,27.311335625010543,113000838.11100909,113000738.11100909,0.1308503151129029,0.004490458988584578,173474088.31539428,173473988.31539428,0.24011588611824936,0.0004587090224958956,GA,0,3
CEC_F1_30D,CEC_F1,30,ill_conditioned_rotated,high (30-50),100.0,4394167994.121056,1499623240.0056057,1499623140.0056057,0.5070654762894554,236.73734150000382,1436362443.1779058,1436362343.1779058,0.27122934889651656,0.004943625011947006,2824622730.089602,2824622630.089602,0.7328878204660829,0.0005011670000385493,GA,1,2
CEC_F19_10D,CEC_F19,10,hybrid,medium (10-20),1900.0,151694935.98851228,1138681.4120713812,1136781.4120713812,0.0074938652675753704,31.543384249991504,394539.1722923506,392639.1722923506,0.0025883472624431236,0.013783041009446606,596768.9219517522,594868.9219517522,0.0041096749080391185,0.0036568749928846955,GA,0,3
CEC_F19_30D,CEC_F19,30,hybrid,high (30-50),1900.0,14307102859.832777,1051316126.9724262,1051314226.9724262,0.13135689960239424,254.81179758298094,1321828912.0516067,1321827012.0516067,0.18983186530702476,0.019004458998097107,2698866249.640934,2698864349.640934,0.1886380755126883,0.006889833020977676,BO,2,1
CEC_F2_10D,CEC_F2,10,ill_conditioned_rotated,medium (10-20),200.0,15995160187.817991,136650172.21444404,136649972.21444404,0.007068359236818151,41.373522332985885,5394407709.314174,5394407509.314174,0.36807180082684077,0.004427083011250943,10718794261.349613,10718794061.349613,1.0,0.00026825000531971455,BO,3,0
CEC_F23_10D,CEC_F23,10,composition,medium (10-20),2300.0,576.2873921604596,2665.454132063336,365.45413206333615,0.6341525721971378,30.30327379098162,2672.066566909036,372.0665669090358,0.6621988673989337,0.00780108297476545,2770.2624376842687,470.26243768426866,0.8160206939827174,0.007679333008127287,BO,1,2
CEC_F23_30D,CEC_F23,30,composition,high (30-50),2300.0,3097.8685356015867,3021.8398503500803,721.8398503500803,0.24767151004665863,247.54114029198536,3414.0354168740846,1114.0354168740846,0.35142557445251227,0.01372854199144058,3889.7371443968805,1589.7371443968805,0.5014870090627604,0.00773154100170359,BO,3,0
CEC_F3_10D,CEC_F3,10,ill_conditioned_rotated,medium (10-20),300.0,2974779.8718862617,2435431.146049362,2435131.146049362,1.0,15.514198459000909,80567.69940563622,80267.69940563622,0.01424424593810268,0.003786124987527728,344452.16389599966,344152.16389599966,0.39590436908625404,0.00026937498478218913,GA,0,3
CEC_F3_30D,CEC_F3,30,ill_conditioned_rotated,high (30-50),300.0,15801523.073399818,600353.9233179492,600053.9233179492,0.03737054469101484,225.36014295800123,196445.9304274754,196145.9304274754,0.012781794304790903,0.009253124997485429,568741.7340503214,568441.7340503214,0.03597385716616347,0.00038324997876770794,GA,0,3
CEC_F4_10D,CEC_F4,10,valley_rotated,medium (10-20),400.0,5093.797019174855,1240.2630491984085,840.2630491984085,0.11573630861763715,34.09437387500657,1377.1926281646734,977.1926281646734,0.12047161927675049,0.005093167012091726,1799.7150111001515,1399.7150111001515,0.31737645489665334,0.0006171670102048665,BO,2,1
CEC_F4_30D,CEC_F4,30,valley_rotated,high (30-50),400.0,82134.99629425645,10855.614923127476,10455.614923127476,0.12387646178658,218.27060416698805,14859.17692155173,14459.17692155173,0.24914256914627866,0.006040583015419543,33550.030330783644,33150.030330783644,0.4576290617167934,0.0006390000053215772,BO,3,0
CEC_F5_10D,CEC_F5,10,multimodal_rotated,medium (10-20),500.0,21.255322670528585,521.0695256983664,21.06952569836642,0.9912588025577339,4.102734208019683,520.813778799607,20.813778799607007,0.9757446381688557,0.008022916998015717,521.0346808355625,21.03468083556254,0.9874367329516588,0.001099709013942629,GA,1,2
CEC_F6_10D,CEC_F6,10,multimodal_rotated,medium (10-20),600.0,15.587870956706638,608.6032773492833,8.603277349283303,0.5519212580844318,23.068811583012575,611.7107081036334,11.710708103633351,0.7512705318230039,0.021847750002052635,613.2429647394065,13.242964739406489,0.8647557032396805,0.013583292020484805,BO,3,0
CEC_F7_10D,CEC_F7,10,multimodal_rotated,medium (10-20),700.0,274.98044845056177,701.1364188144673,1.1364188144673335,0.004132725875133076,41.158246834005695,831.8100962353404,131.81009623534044,0.3600073643610156,0.010134417010704055,833.7085426328163,133.70854263281626,0.4462676435972516,0.0013326250191312283,BO,3,0
CEC_F9_10D,CEC_F9,10,multimodal_rotated,medium (10-20),900.0,158.12929617864756,981.7520689492463,81.75206894924634,0.5883263406278795,18.45436691699433,978.2752892161297,78.27528921612975,0.46018785500626086,0.003646500001195818,1017.5440268575458,117.54402685754576,0.8639096317303547,0.00054187499335967,GA,1,2
CEC_F9_20D,CEC_F9,20,multimodal_rotated,medium (10-20),900.0,373.18442979832844,1098.6228386853425,198.62283868534246,0.5230368475566605,56.017559875006555,1149.884969664034,249.8849696640341,0.6902302803340762,0.0038521249953191727,1210.9652735573186,310.9652735573186,0.8352648657496892,0.0011930839973501861,BO,3,0
CEC_F9_30D,CEC_F9,30,multimodal_rotated,high (30-50),900.0,741.0423348554064,1242.0308019856343,342.0308019856343,0.4904665568878258,229.02890295899124,1434.6825854870604,534.6825854870604,0.7215277189141814,0.005396207998273894,1514.3503300310203,614.3503300310203,0.8290354020744221,0.0005677080189343542,BO,3,0
CEC_F9_50D,CEC_F9,50,multimodal_rotated,high (30-50),900.0,1350.2341267698775,1619.877342884123,719.877342884123,0.5441751049714341,586.2473285419983,1867.4336443325446,967.4336443325446,0.7128792219587375,0.005757292005000636,2109.300085408099,1209.3000854080992,0.9100308870336244,0.0007018330215942115,BO,3,0
ChungReynolds_2D,ChungReynolds,2,smooth_coupled,low (2-5),0.0,169183.868445581,1.4117498013205008,1.4117498013205008,1.5918314975939564e-06,5.509897832991555,7.664634405841358,7.664634405841358,1.2747369346513926e-05,0.004919792001601309,10424.269447526382,10424.269447526382,0.061615031878050536,0.00013279198901727796,BO,3,0
ChungReynolds_3D,ChungReynolds,3,smooth_coupled,low (2-5),0.0,2476489.3514764314,6279.348261107617,6279.348261107617,0.003694981020934933,5.801055124989944,36376.1445721241,36376.1445721241,0.014688593169373978,0.004632041993318126,302345.7189613326,302345.7189613326,0.15906734756670135,0.00013170798774808645,BO,2,1
ChungReynolds_5D,ChungReynolds,5,smooth_coupled,low (2-5),0.0,42911671.35546614,845562.5596315499,845562.5596315499,0.009693260059648299,9.956939124997007,725339.8035504409,725339.8035504409,0.01690308908133559,0.004226666991598904,8648267.158099229,8648267.158099229,0.7668682201192576,0.00015466698096133769,GA,1,2
ChungReynolds_10D,ChungReynolds,10,smooth_coupled,medium (10-20),0.0,559682156.783676,15420125.36712585,15420125.36712585,0.0339531275385714,24.21441166702425,37112624.77273614,37112624.77273614,0.0833343164697709,0.004430417000548914,155046466.02128956,155046466.02128956,0.40913918212113093,0.00013937498442828655,BO,2,1
ChungReynolds_20D,ChungReynolds,20,smooth_coupled,medium (10-20),0.0,1734440874.9203873,261084454.91298607,261084454.91298607,0.13630610015250583,73.24919683299959,540224602.9777437,540224602.9777437,0.3548985380454952,0.004667833010898903,1294365294.8206751,1294365294.8206751,0.709275706295381,0.00014254101552069187,BO,3,0
ChungReynolds_30D,ChungReynolds,30,smooth_coupled,high (30-50),0.0,5897874934.5529585,502353558.8987106,502353558.8987106,0.08517534950693008,161.47562474998995,2022714807.2227495,2022714807.2227495,0.34295654446190205,0.004591667006025091,3597517123.3844028,3597517123.3844028,0.648646715156046,0.00014387498958967626,BO,3,0
Cigar_2D,Cigar,2,ill_conditioned,low (2-5),0.0,33400059.640985332,907.426720987749,907.426720987749,2.062060158529297e-05,6.909986167011084,186709.90103965698,186709.90103965698,0.005590106815574203,0.004631292016711086,853160.4496535243,853160.4496535243,0.01938744067563362,0.00017854198813438416,BO,3,0
Cigar_5D,Cigar,5,ill_conditioned,low (2-5),0.0,3486033318.8579807,487141.78803172783,487141.78803172783,0.00013974100172723384,15.290959459001897,491708963.0282153,491708963.0282153,0.11138450276644361,0.003994166007032618,1971785047.1994274,1971785047.1994274,0.7617791296285993,0.00015620799968019128,BO,3,0
Cigar_10D,Cigar,10,ill_conditioned,medium (10-20),0.0,19543209403.78884,75095437.49950059,75095437.49950059,0.003736972653265698,34.23278724998818,4756692348.125589,4756692348.125589,0.33590294765041684,0.004462167009478435,10042429660.401354,10042429660.401354,0.6404062583042335,0.00017766599194146693,BO,3,0
Cigar_20D,Cigar,20,ill_conditioned,medium (10-20),0.0,39146186216.91102,312690847.99809635,312690847.99809635,0.007987772966323217,114.24961495801108,21834178139.372364,21834178139.372364,0.5155387448948622,0.00860333300079219,32175525009.957466,32175525009.957466,0.8219325589387236,0.00036958299460820854,BO,3,0
Cigar_30D,Cigar,30,ill_conditioned,high (30-50),0.0,72907393231.52757,1786223865.1443117,1786223865.1443117,0.02422160012645053,208.04527820899966,40174922481.90601,40174922481.90601,0.5625739205626255,0.004950125003233552,57481074459.64759,57481074459.64759,0.779456387056965,0.0001684580056462437,BO,3,0
Cigar_50D,Cigar,50,ill_conditioned,high (30-50),0.0,130239497486.80865,8074578351.76846,8074578351.76846,0.05718594031421244,647.6385778749827,90465953426.11691,90465953426.11691,0.6946122733257611,0.010157625016290694,123099237181.92992,123099237181.92992,0.895493737385608,0.0001610000035725534,BO,3,0
Corana_4D,Corana,4,discontinuous,low (2-5),0.0,168.509625,22.775625000000005,22.775625000000005,0.0831370418806951,12.720708082983037,10.621539834685935,10.621539834685935,0.1404690952312126,0.008723334001842886,31.995188785190543,31.995188785190543,0.24606484348839544,0.0004109170113224536,GA,2,1
DixonPrice_2D,DixonPrice,2,valley,low (2-5),0.0,8.549845944164037,0.4197977796425004,0.4197977796425004,0.03310087359095257,10.272810082999058,0.43544416248157003,0.43544416248157003,0.024035531769080198,0.0102093750028871,1.507271116345731,1.507271116345731,0.06117761247844462,0.0003600000054575503,BO,1,2
DixonPrice_5D,DixonPrice,5,valley,low (2-5),0.0,9452.357144651618,105.21906921788607,105.21906921788607,0.015248043011591914,14.910128624993376,712.0278347092368,712.0278347092368,0.06298091628365274,0.009972166997613385,2725.1327641720654,2725.1327641720654,0.7562918466910531,0.000818750006146729,BO,2,1
DixonPrice_10D,DixonPrice,10,valley,medium (10-20),0.0,207915.13288546834,2389.2887031086525,2389.2887031086525,0.00894970093947568,39.17533187501249,22726.224202280082,22726.224202280082,0.14950409717106905,0.004227792000165209,46242.8362617215,46242.8362617215,0.4590139515969873,0.00035245800972916186,BO,3,0
DixonPrice_20D,DixonPrice,20,valley,medium (10-20),0.0,799848.1062974537,33451.54396763751,33451.54396763751,0.04207991813861723,111.95974204098457,230124.70503796698,230124.70503796698,0.2877105080653731,0.0053957079944666475,515840.98759038554,515840.98759038554,0.8137096633654964,0.00036354101030156016,BO,3,0
Griewank_2D,Griewank,2,multimodal,low (2-5),0.0,0.812049868712275,0.16684160564244466,0.16684160564244466,0.19717150797676863,8.77782995798043,0.13530085472793363,0.13530085472793363,0.2904531518278701,0.004923166008666158,0.29821475386574225,0.29821475386574225,0.5709742891903065,0.000408667023293674,GA,1,2
Griewank_5D,Griewank,5,multimodal,low (2-5),0.0,2.2722958419244,0.7982385031592207,0.7982385031592207,0.3510002397676065,14.1466809999838,1.039849246797171,1.039849246797171,0.43441588173290374,0.006070458999602124,1.719962543967501,1.719962543967501,0.9799180883336808,0.000424583995481953,BO,2,1
Griewank_10D,Griewank,10,multimodal,medium (10-20),0.0,6.929202276705292,1.0118511486128372,1.0118511486128372,0.14602707616351385,25.84519583400106,2.5235574948372532,2.5235574948372532,0.42719510026624113,0.0035734589910134673,4.109441206130102,4.109441206130102,0.6907697763723322,0.0009371670021209866,BO,3,0
Griewank_20D,Griewank,20,multimodal,medium (10-20),0.0,11.411658982220134,1.0522734450751354,1.0522734450751354,0.09221038297013814,96.98211291700136,6.810688935675954,6.810688935675954,0.6311587786842724,0.0044060829968657345,9.994321847628143,9.994321847628143,0.8535066425423498,0.0004140000091865659,BO,3,0
Griewank_30D,Griewank,30,multimodal,high (30-50),0.0,20.199405807130233,1.5186164655720673,1.5186164655720673,0.07518124444215124,184.94909091701265,12.24365045042854,12.24365045042854,0.6061391393060991,0.004458333016373217,15.994826448343433,15.994826448343433,0.8153049025417336,0.0004301249864511192,BO,3,0
Griewank_50D,Griewank,50,multimodal,high (30-50),0.0,34.62961471885269,2.8588438325351406,2.8588438325351406,0.08255488418641743,553.708669375017,25.194394994209468,25.194394994209468,0.7079674227062676,0.005686291988240555,32.023478612708686,32.023478612708686,0.8946915070550918,0.001043917000060901,BO,3,0
Levy03_2D,Levy03,2,multimodal,low (2-5),0.0,1.218728959313206,0.03316948675085949,0.03316948675085949,0.027216458998029873,6.326004583010217,0.02831639906085316,0.02831639906085316,0.04581252815706131,0.007096708985045552,0.09120607924075887,0.09120607924075887,0.1475604671460135,0.001306666003074497,GA,2,1
Levy03_5D,Levy03,5,multimodal,low (2-5),0.0,9.982097945648517,2.1003719212370666,2.1003719212370666,0.14182523531392824,10.975665125006344,1.2248529205284853,1.2248529205284853,0.07672873707888234,0.009828166017541662,5.211812738626639,5.211812738626639,0.522115968707622,0.0006125829822849482,GA,0,3
Levy03_10D,Levy03,10,multimodal,medium (10-20),0.0,42.415457883278435,3.602923145724747,3.602923145724747,0.0609232308774676,32.25416595899151,14.849013024286652,14.849013024286652,0.22322636087199885,0.010446707980008796,32.02720255140331,32.02720255140331,0.7981268650871972,0.0008749999979045242,BO,3,0
Levy03_20D,Levy03,20,multimodal,medium (10-20),0.0,145.93040275133708,52.23159514758375,52.23159514758375,0.35792127043317695,117.61609391600359,57.36615434703988,57.36615434703988,0.36084112470626156,0.0064910000073723495,106.05953788828623,106.05953788828623,0.7226613975985309,0.000701459008269012,BO,2,1
NeedleEye_2D,NeedleEye,2,discontinuous,low (2-5),1.0,201.8277005215725,200.0137819186416,199.0137819186416,0.986057817655064,8.114231916988501,200.21448712824002,199.21448712824002,0.9803184522645118,0.0068978340132161975,201.42375616192044,200.42375616192044,0.993043847023853,0.0001667079923208803,BO,2,1
NeedleEye_5D,NeedleEye,5,discontinuous,low (2-5),1.0,513.6547010652026,500.5521428520716,499.5521428520716,0.9729120052704094,12.997845334000885,504.4245118713542,503.4245118713542,0.9812050337500812,0.005049208004493266,510.613177519859,509.613177519859,0.9989767237152004,0.00014387501869350672,BO,3,0
NeedleEye_10D,NeedleEye,10,discontinuous,medium (10-20),1.0,1038.1921394458755,1002.6301216728192,1001.6301216728192,0.9655174263903948,31.511645000020508,1020.5492015041052,1019.5492015041052,0.9836595649955955,0.00650066600064747,1028.297464981378,1027.297464981378,0.9907327182972421,0.000371000001905486,BO,3,0
