function,ndim,seed,evaluations,best_value,known_optimum,gap,best_x
Ackley01_5D,5,0,120,16.77244476600424,0.0,16.77244476600424,"[5.007088151083266, -4.13223262643147, 6.6010021139787725, -11.346214214500673, -7.066390491215137]"
Ackley01_5D,5,0,1200,1.16846440698933,0.0,1.16846440698933,"[0.1236405855983419, 0.0052839473971417, 0.1132572462549485, 0.16761197060088495, -0.14647386574838447]"
Ackley01_5D,5,0,6000,0.026828639747180194,0.0,0.026828639747180194,"[-0.004467593199099568, 0.012252175484261215, -9.87320010942264e-05, -9.766721559106847e-05, -0.004677616018571467]"
Ackley01_5D,5,1,120,19.031345644138202,0.0,19.031345644138202,"[-6.435681335293344, -9.814915145517283, 9.905951265392233, -10.048612465369779, -17.046422977471476]"
Ackley01_5D,5,1,1200,2.545942983869726,0.0,2.545942983869726,"[-0.3532790569045774, 0.1513927576254973, 0.12747882706846814, -0.3736092906908332, -0.11576135293073575]"
Ackley01_5D,5,1,6000,0.025730304561552675,0.0,0.025730304561552675,"[-0.0007991563525062384, 0.00042598078771728854, 0.012467280845448138, 0.004504221832442844, 0.0010332838411501158]"
Ackley01_5D,5,42,120,18.52740279434379,0.0,18.52740279434379,"[-7.498477066690212, -2.608323168257108, 2.7699063184006425, 15.00933817161184, 9.430282400041357]"
Ackley01_5D,5,42,1200,0.48137898099754795,0.0,0.48137898099754795,"[0.00871168523905802, -0.014362010659423788, -0.11743633411754455, 0.08550973722282007, 0.024090846491446334]"
Ackley01_5D,5,42,6000,0.03777445716289707,0.0,0.03777445716289707,"[0.008686490826976414, -0.011692973545019162, 0.001123616203830952, -0.011146962647691955, -0.004727982238367483]"
Ackley01_10D,10,0,120,19.336884610150655,0.0,19.336884610150655,"[-3.3537848171024116, -7.373814205032801, -18.541809041782116, 14.805517385875206, 10.172446122227836, 11.350681978944301, 3.299501823176053, -10.307960901251644, -5.369321203660011, -5.129519938883124]"
Ackley01_10D,10,0,1200,3.679594553896458,0.0,3.679594553896458,"[-0.04265287654873093, -1.1702027210546755, 0.6910507404481666, -0.052389793046544786, -0.0038950296925703448, 0.8275192566925167, 0.6295767959512536, 0.8262316089324672, 0.13938187459442125, 0.7317804811305069]"
Ackley01_10D,10,0,6000,0.09190600084661726,0.0,0.09190600084661726,"[-0.016434037364202514, 0.03765895055792172, 0.00913533570433286, -0.009647318561168666, -0.004070190664114699, 0.021234162965035504, -0.007554647144514701, 0.02095863233478006, -0.013214930673336461, -0.02015195997385689]"
Ackley01_10D,10,1,120,18.94991771720791,0.0,18.94991771720791,"[-15.550611157997416, -10.232909024133605, 1.3820273848033526, -7.666223805504519, 2.836117396472078, -0.6521570646072474, -8.659188989405337, -16.156502493902874, -0.20393397684991976, -13.92102980392802]"
Ackley01_10D,10,1,1200,2.9626606786375835,0.0,2.9626606786375835,"[-0.34830275346269285, -0.021237633278967327, -0.1163511493794268, -0.37070712781181436, -0.08859929300239844, -0.27153075770281515, -0.13930770179867258, 0.6339899152946498, -0.16805539230690783, -0.691074119757346]"
Ackley01_10D,10,1,6000,0.10767677574732248,0.0,0.10767677574732248,"[-0.01173220156664131, 0.007314578232949748, -0.04788818819345056, -0.02452822229414472, -0.0072231671157995505, 0.011993824039331915, -0.030467808447961785, 5.502166899656633e-05, 0.0013047279689255113, 0.015016638089737452]"
Ackley01_10D,10,42,120,18.509796007260555,0.0,18.509796007260555,"[8.365505469060047, -6.0747089605677935, 4.546542803070928, 5.070135982369479, -9.174981141742533, 1.5842242859185944, -8.842545919560882, 21.39591645850554, -0.5492749097199621, 6.9715409065828595]"
Ackley01_10D,10,42,1200,4.881558046896096,0.0,4.881558046896096,"[-0.6675244617598795, 0.7307995370762401, 1.2043950649075357, -0.5818762864700882, 0.10153989116364226, 2.1868515012405, 0.09903010856300476, -0.10222602972495198, 1.0194252861203656, -1.0632035481647841]"
Ackley01_10D,10,42,6000,0.1430198815075987,0.0,0.1430198815075987,"[0.03554227010124805, 0.03977067212740601, 0.003999085986365142, -0.012896456377280548, 0.008228425048123171, -0.010679444958163392, -0.038060003326553904, 0.002575937757021581, 0.02601235241625182, -0.0410510614943291]"
Ackley01_20D,20,0,120,19.658994237181396,0.0,19.658994237181396,"[-9.744096460007968, 5.399973425637558, 0.6084387472655088, -10.278290165004794, 9.667101675517438, 12.301562670411185, 4.077405703655483, 13.085879643745965, 8.6731947357394, 6.433194824987737, -11.175016097627381, -13.697440207604751, -12.966538564201077, 8.069386163313819, 10.374062455532016, 19.59482747526104, 10.69882838106277, -8.924754657371818, -5.1225935343380415, 24.01103002129934]"
Ackley01_20D,20,0,1200,10.546399356219736,0.0,10.546399356219736,"[0.41937513143385585, -4.060639558805174, 0.5704786460825939, 2.544321446706939, -0.3281874147638999, 1.6743598361435925, 3.4571049191768224, -5.389735210237172, -1.021755114263021, 3.9610730459693437, 0.18474325328665375, -2.019754286951294, 0.9509279646603254, 2.1023302614348447, 5.959191354353542, -4.817946714586881, 3.5848924888541163, -0.0033013039150211476, -4.064546309130631, -0.00814215657311701]"
Ackley01_20D,20,0,6000,0.5284161764334034,0.0,0.5284161764334034,"[0.11311403004098108, -0.04044377964949264, -0.0017056609308322387, 0.04239006960725378, 0.09898814162468644, -0.09353632331020034, 0.051425992282378236, 0.0676088602301031, 0.024580048474785603, 0.06128581158652467, -0.07320150797992414, 0.037944048677897434, 0.08826307381032096, -0.07120034510475262, 0.02723331223216104, 0.09288307870873747, -0.0646413403397232, 0.0314070717661705, -0.13922454631515038, -0.001626011252734005]"
Ackley01_20D,20,1,120,20.57029425321512,0.0,20.57029425321512,"[-22.552195150302587, 11.829595990212805, -21.227946472513345, -17.955510158034222, -0.4195971269950576, -4.797985430757364, -1.4676539221268925, 2.8798737312946088, -20.098351777577086, 13.017978384232823, -15.671620844019357, 28.887830280337717, 1.0608712512712728, -13.742116293879064, -22.729527691358182, -1.0357226308778849, -8.392110924356821, 8.61656535053529, 0.4070698098363188, 21.024798551867633]"
Ackley01_20D,20,1,1200,10.609950835280204,0.0,10.609950835280204,"[3.8282864371182246, 3.942074644610874, -3.578872178432161, -1.9428538466549978, 0.23063997714558793, -0.30487445047667905, 1.1197065156440598, 0.9036722461510308, 3.7393953489680793, -1.2276258373462872, -4.794364728703895, -0.5485983887165162, 3.225705741082619, -6.167235304294359, 6.224436896890641, -1.0002851434494464, 0.999433390490359, -1.5491856565726065, -1.8953534214698782, -1.6399801748683596]"
Ackley01_20D,20,1,6000,0.5625792446015159,0.0,0.5625792446015159,"[-0.0696736217382737, -0.052089361782477556, -0.06606721655367662, -0.06804327772082547, -0.002720897859630561, -0.04873476519923489, -0.034137452953935915, 0.02621336907208811, -0.04371047168566705, -0.10892759641232502, 0.04860513414907343, -0.1731092448978646, 0.035567794443131365, -0.03311254697889349, 0.020177246091935486, 0.033596799525167406, -0.027599947421877772, 0.19848134171315052, 0.035652552119572425, -0.012147460036900606]"
Ackley01_20D,20,42,120,20.011123617327517,0.0,20.011123617327517,"[-5.94370416794599, -19.543536979294533, 5.980961175812105, 23.5106634529342, -14.392814289691145, -5.711407936027455, -2.185951174151759, -12.627974741436551, 5.072055318548095, -1.6472543993517301, 22.88361053743943, 10.328081774235747, 10.670313956472206, -12.865009372316983, 19.57304896378652, 3.4401068519775606, -4.919648314298236, 9.681222563960953, -9.7539865884822, 0.9327261902580948]"
Ackley01_20D,20,42,1200,10.491538016056843,0.0,10.491538016056843,"[-2.2902292697863658, 0.6859871942511809, -0.23385105634073308, -1.7301544748157827, 2.4583043445019106, 1.7670669280415643, 1.2177440093339016, 1.983196667048622, -0.828995107251277, 0.8006038461471736, 0.1288187748835714, -6.430108363152787, 5.136537096074579, -2.3752355351226733, -4.050718697970132, 3.7788040386098816, -2.3116141505671326, 4.680653954620466, 3.2179108265564373, 0.6244551598182049]"
Ackley01_20D,20,42,6000,0.38021400271328476,0.0,0.38021400271328476,"[-0.04275149727750938, -0.010212371546614689, 0.07452658707856483, 0.006712975090643544, 0.06855312239694016, -0.030760525177948424, -0.06878604707310232, 0.0034607195217248128, -0.014966603478941925, 0.007057504851759023, 0.11204662551408938, 0.03208011881280563, -0.01048273380250004, 0.027057753470803726, 0.07163024261082376, -0.00875043828018656, -0.1141336660938629, -0.08602082502723116, -0.059450856155804734, -0.023726042654164902]"
Griewank_10D,10,0,120,3.766816372527724,0.0,3.766816372527724,"[15.331939367049186, -33.0687951672527, 17.83857916032808, 8.809538435302587, -29.453007783913925, 81.64590890021458, 8.281996726032915, 27.26136316633908, -17.20094238824941, -26.816085698619297]"
Griewank_10D,10,0,1200,0.806277511666754,0.0,0.806277511666754,"[2.6045633483282264, 9.862205548906584, 4.815274899824834, -13.27195732882243, -5.344960578052944, -15.160451367922295, -0.7803407736660386, 0.44952055746312486, 10.185171319672216, -1.172306013411386]"
Griewank_10D,10,0,6000,0.046400825323912875,0.0,0.046400825323912875,"[3.1124493790866747, -0.03145228759296111, -5.414756458994599, 0.07767755358899245, -7.002629393349436, 0.029093341741035818, 0.06879526923708223, -0.05435627659000726, 9.41230166197797, 0.029826998008645585]"
Griewank_10D,10,1,120,3.8594231715461422,0.0,3.8594231715461422,"[-3.615193182070824, 31.018408233355103, 44.952023936654236, -26.663500264552358, -0.25367704455309337, -4.362938385462819, 62.77956501990229, -6.8257208700836145, -45.35664346015857, -40.374857609224804]"
Griewank_10D,10,1,1200,0.7493540849412017,0.0,0.7493540849412017,"[-3.6459841586133632, 0.6020551261581213, 10.952603816094268, 0.8443698717935186, 20.38169295856052, -7.241473188748885, 9.346830661764598, -7.183869632114136, -10.041140222887135, 1.355821693107314]"
Griewank_10D,10,1,6000,0.09453358100622544,0.0,0.09453358100622544,"[-3.2097331783104965, 0.06736753804055379, -0.07168333617990413, 0.02840059454641993, 6.999074142988147, 7.619480511955789, -8.285756326688524, -8.977708372315226, 9.31946856917736, 0.025456073702454094]"
Griewank_10D,10,42,120,2.7038221398503333,0.0,2.7038221398503333,"[-3.8260878527652, -16.622126281023, 15.472542237250735, -26.497637976974403, -26.721510034750523, 4.0268402343989536, 53.91932530610695, 37.14866909118908, 0.014309576525537437, 23.75406353319738]"
Griewank_10D,10,42,1200,0.7422506219871735,0.0,0.7422506219871735,"[-0.004144018223503655, 0.4560621875847585, -0.7782051104216663, -1.2198387181117945, -1.1077724618354206, -2.5391620861868254, -0.24259322115613444, 0.5347025525315732, 1.5061190367410457, -0.7678904478016437]"
Griewank_10D,10,42,6000,0.025113879480181955,0.0,0.025113879480181955,"[-0.0018455389621017965, -0.01979980061836858, 0.010374662531056393, -6.153730353840142, -6.972592692616787, -0.05798104616297797, 0.05746750157221252, -0.025780015328360138, 0.08362084295674764, 0.03514943594460191]"
CEC_F3_10D,10,0,120,689318.7295604179,300.0,689018.7295604179,"[-23.589187649517388, -34.372822962036246, 98.80535424199687, 56.496127402863706, -2.8929722440824435, -15.47432071504376, 71.85593203821927, 89.56000037952498, 34.81579013054653, 34.834045547970334]"
CEC_F3_10D,10,0,1200,2552.87031466891,300.0,2252.87031466891,"[44.158893020260344, -0.6335500081776253, 48.60983051432126, 21.976163075718453, -5.772483805292757, 77.526231649358, 55.93193333864876, 29.628663574989236, 3.00349969210259, 14.73608257926316]"
CEC_F3_10D,10,0,6000,1380.4476194519086,300.0,1080.4476194519086,"[44.27690201219746, -0.6335500081776253, 49.80861355449568, 5.271267600233471, -23.869739306872642, 70.23291540530678, 60.105368708547296, 8.11040975696619, 3.00349969210259, 13.900898747894447]"
CEC_F3_10D,10,1,120,238495.26357222674,300.0,238195.26357222674,"[-26.31525375326858, 89.38845780806656, 63.22847665660119, -43.65187023052354, 61.31736009197412, 1.899176304301875, 2.1777768933066, 36.8848658974766, -70.41559284300868, 63.9253438238554]"
CEC_F3_10D,10,1,1200,21620.484485365327,300.0,21320.484485365327,"[-1.2287344037770307, 66.14122064800011, 62.68584739576322, -39.65599026585446, -14.08997381113473, 7.219707892695997, 35.34851884285448, -15.685937350986606, -52.09051388075028, 23.009207289884003]"
CEC_F3_10D,10,1,6000,13357.960731382778,300.0,13057.960731382778,"[-1.2479719370137154, 66.14122064800011, 49.89146084902506, 5.218998570659157, -23.94980718028056, 70.05492822096484, 60.216800275672995, 8.108374019657012, -52.09051388075028, 13.949502364997478]"
CEC_F3_10D,10,42,120,121167.45076943137,300.0,120867.45076943137,"[3.5170004534727966, 87.22799736769244, -49.00803973426501, -25.815479485456102, -25.03718908833755, 97.3263089848644, 44.0497993006533, 90.37251853060835, -69.88148158601086, 90.70793086798815]"
CEC_F3_10D,10,42,1200,24139.9087194658,300.0,23839.9087194658,"[-10.101212015266503, 94.36528521219265, 47.35768116432749, 12.774588773357717, -29.76132912152728, 79.46960243624027, 59.504402733442745, 8.58010608779071, -75.72066862633034, 0.8858240532788285]"
CEC_F3_10D,10,42,6000,23420.830305663938,300.0,23120.830305663938,"[-9.850243775110753, 94.36528521219262, 49.982571882289996, 5.284180917061507, -23.848274114770025, 70.2557863324913, 60.295489024686766, 8.105730154303757, -75.72060475969018, 13.965766321802699]"
CEC_F9_10D,10,0,120,1009.0273388095391,900.0,109.02733880953906,"[53.24367290175152, -35.54265505203364, 43.80024591644927, -55.59753923494527, -27.538409903086176, -16.510377559124038, 4.457619883019873, -71.86652849194166, -14.855945243368303, 38.340130066748394]"
CEC_F9_10D,10,0,1200,931.6139642484583,900.0,31.613964248458274,"[35.22823716956338, -52.80912966953523, 76.16566234899616, -97.61958010061022, -67.74413779277673, 13.957893723837671, -81.67789067219681, 7.230611848214323, -17.898478407174878, 10.129843620761296]"
CEC_F9_10D,10,0,6000,917.9436202594188,900.0,17.94362025941882,"[31.91474028888645, -53.204460027951654, 76.13769111158605, -97.13222131640907, -66.73096665194086, 14.953162700493495, -80.31815026463013, 7.224614261347555, 16.863673092985263, 9.747408873257307]"
CEC_F9_10D,10,1,120,1017.9377009742558,900.0,117.93770097425579,"[-6.8133517671471395, -81.58220686217676, 65.06397053968391, 17.15245629974245, -98.80337343837014, 61.48455620825891, -58.1008173356855, 81.70515010926516, 34.91108235076292, 38.57244646704464]"
CEC_F9_10D,10,1,1200,929.5714016361435,900.0,29.57140163614349,"[-4.879088420247811, -26.63713245937179, 32.04850370440955, -28.41285361180826, -99.86992158556487, 23.567537142798063, -58.121254639507754, -22.382341342678437, 41.748386157846475, 38.92322774247101]"
CEC_F9_10D,10,1,6000,920.9174368488993,900.0,20.917436848899342,"[-5.028469770359729, -43.952727464323246, 32.025124064892054, -28.497354230542168, -99.15724151694855, 21.957798462167275, -55.616304382725254, -23.866276652722817, 43.25090875038731, 39.44065581986092]"
CEC_F9_10D,10,42,120,1022.1513651001319,900.0,122.1513651001319,"[34.125256891057454, -59.57585590129374, 35.830935023697634, -38.37271650148121, -80.71380224212965, 22.857920387643688, -80.9204366765116, -12.161442114329088, -27.87419642708516, 90.69853958540082]"
CEC_F9_10D,10,42,1200,930.1767040475276,900.0,30.17670404752755,"[34.33602452827097, -19.130640438573895, 73.99406510053213, -66.04769027998167, -88.24562447695492, -19.44231009009212, -38.41085907401207, 32.40744505234417, 13.295344588388279, 57.61676594303107]"
CEC_F9_10D,10,42,6000,920.0580558066883,900.0,20.058055806688344,"[33.32399584743033, -36.427940566027196, 72.4361047093246, -64.82245687738852, -89.54063006158304, -18.97673732889712, -37.440509948987774, 33.382315433577894, 15.086593046327776, 57.43334415103995]"
CEC_F9_20D,20,0,120,1157.6294967877004,900.0,257.6294967877004,"[0.7485833457834588, -54.91703657823895, 54.51225191217317, -67.50115309070554, 15.439589797318149, 3.6422500906420723, -27.899283192858384, 52.09731973305, -77.89156409227586, 36.08340548700279, -15.761097528032302, 23.204717740562543, 38.80108578942755, 73.38660752705154, 30.86659040939984, 1.1742072406554493, -7.426438174145659, -40.329242537045914, -55.415527882930235, -14.620697823303038]"
CEC_F9_20D,20,0,1200,955.4796298212157,900.0,55.47962982121567,"[31.64672076780454, -56.1681687489698, 55.574661324526666, -66.34650072747553, -39.78854960901938, 3.614914773639761, 8.648329334340367, 58.8039793089584, 12.766717029635416, 35.75768572051133, 0.5373944103286377, -26.950949633003678, 38.0827778443029, 76.26699110696416, 39.254750008643555, -65.51802586554055, -1.9877344434760256, -40.28184966716333, -20.658161990818513, 17.734919674948575]"
CEC_F9_20D,20,0,6000,915.3007309947526,900.0,15.300730994752598,"[29.061618319246, -58.44916772221435, 35.547863783354906, -65.16933642127847, -61.20332129335923, 22.305339019820074, 6.21483145104186, 57.50003298206921, 14.13483909919068, 31.66861380147236, 5.100781278525093, -26.64165257347318, 34.46556717277721, 75.65246097747244, 58.116612580388065, -66.26402313547801, -21.524405647727743, -20.957245356067176, 8.48936100461445, 17.84990503593401]"
CEC_F9_20D,20,1,120,1183.989155572631,900.0,283.98915557263103,"[31.866154235059504, -14.366217446202747, -57.000890972620034, -61.23502845299788, 51.884288602095765, -33.85108749336605, 8.173265699619932, 53.63419977852554, 97.36978282944656, -50.77298099540198, -48.62650655457945, -86.34148117874788, 9.327002820504696, 52.62570650881065, 38.19359315755247, -82.46428916038647, -24.752299714381152, -21.32880522371555, -77.72208834998068, -9.6436676039244]"
CEC_F9_20D,20,1,1200,979.119196882643,900.0,79.119196882643,"[31.219033116093097, -21.84252193181501, 55.51365932561955, -56.29550198364222, -39.69592950260056, -36.29298839046573, -4.07599769042975, 56.074914546076016, 58.6329006296183, -48.80687843375793, 52.74959108266738, -25.18618860992012, 31.846324264030045, 52.34195872525508, 37.19633429135792, -66.0260961680491, -4.19216359917149, -23.1519516763866, 46.856282184961884, -6.659426711273839]"
CEC_F9_20D,20,1,6000,924.0948297067948,900.0,24.094829706794826,"[29.406896274858646, -39.45504533165999, 55.378024525939, -58.627749353712446, -61.15845260337374, 22.460971935725404, -2.331380148263906, 56.435438262354495, 59.11900589692269, -47.25952296840212, 51.300920291619335, -35.10750556766958, 28.363549989433114, 56.18990254764691, 58.51246284740317, -66.0825582599821, -21.64988997683136, -21.6569336219422, 45.44309388246565, -6.531915195708592]"
CEC_F9_20D,20,42,120,1203.2484102696426,900.0,303.2484102696426,"[-18.24337811426058, -56.474294660607605, 14.336192281583685, -36.59181773655242, -92.78803314452726, -16.319991168627922, -4.973384081334803, -22.467081462047478, 11.317720856724627, 13.154380086384194, 40.40043622207429, 29.589696440241994, 30.48661130420632, -36.757169635191374, 57.48644439719078, 26.31736598581361, -13.716360964021973, 36.14593087317155, -72.41403248257592, 2.547848921351644]"
CEC_F9_20D,20,42,1200,956.3559476100432,900.0,56.355947610043245,"[8.670692708509018, -58.410829215973344, -4.010788419845126, -39.11119759277957, -78.38309012471922, 2.0285906593720666, 13.439440740962976, -33.15506089532694, 14.506586707666024, 7.9872038133031555, 40.80500899737559, -35.04439979103508, 38.40227692595825, 57.576608430315595, 56.732453570764164, -46.454386045257735, -23.422590245510136, -59.5591738725418, 56.106153584742536, 59.15894037598972]"
CEC_F9_20D,20,42,6000,928.7400043994807,900.0,28.740004399480654,"[29.487222801764513, -58.73097677028652, 16.31764675512994, -39.144315902710176, -60.86418061680783, 21.910262600237004, 13.920348995093667, -32.87341829680515, 14.744297249747758, 8.695721697648645, 41.507076660184005, -35.029094304031716, 39.29226167963668, 74.9598305313719, 58.94923985609148, -66.24687922272855, -21.52238614181997, -40.36136489163031, 56.49192586000545, 62.535139979244796]"
CEC_F17_10D,10,0,120,1625219.0327755501,1700.0,1623519.0327755501,"[-26.276130454437507, 27.692989485191212, -4.6823156588459085, -50.333203689282456, -85.4683302703358, -96.42171582060494, 15.99403611281896, -55.02282263126289, 91.18962014326121, -42.09251772500099]"
CEC_F17_10D,10,0,1200,23682.113724177885,1700.0,21982.113724177885,"[-25.300489452861616, -4.794512234874657, -8.233573527286184, -50.86774910850884, -87.64433063177282, -92.77083771213992, 60.62106336133063, -92.6598148977717, 91.43124751496516, -90.12305569428075]"
CEC_F17_10D,10,0,6000,17727.274699635585,1700.0,16027.274699635585,"[-25.32237907668266, -30.047630517435124, 20.77894022818634, -48.849056008012425, -86.2375044928604, -92.92003055938646, 60.23621937266835, -98.77744121995312, 79.0057246607579, -93.90967705531123]"
CEC_F17_10D,10,1,120,8846836.304897161,1700.0,8845136.304897161,"[51.05130122807064, 50.59627448990878, 58.33124111806811, -86.56632927049571, 73.52427156348254, 47.83101255832919, 20.364689551713, -1.5677763386500878, 96.81876148283123, -42.47869820499564]"
CEC_F17_10D,10,1,1200,26803.808824398526,1700.0,25103.808824398526,"[51.06595871007162, 58.06546297051085, -58.17509457891651, -4.148912866135177, -57.01174807628324, 47.83101255832919, 32.99452326663784, -24.4865688408127, 82.04137750939942, -60.29632818083415]"
CEC_F17_10D,10,1,6000,13792.908972781433,1700.0,12092.908972781433,"[51.065958675878896, 41.58681888269026, -2.9975963246877324, -26.721928389875483, -55.34318013390576, 47.83101255832919, 26.946613101762324, -25.765484921170412, 73.86779190990114, -53.65325492645063]"
CEC_F17_10D,10,42,120,1075863.2615241334,1700.0,1074163.2615241334,"[33.61797345254339, -5.780758771373499, 12.988784913787685, 52.24465376846851, 26.14726731962613, 10.715880131599164, 11.841432149082706, -39.20998038747756, 3.5032236870875195, -12.656522153527533]"
CEC_F17_10D,10,42,1200,16465.052210899346,1700.0,14765.052210899346,"[64.21294453454807, 0.27378465429556265, 20.48420559383807, 10.774590128732545, -87.52278402617142, 73.76626498035105, -79.28705364229361, 26.41297489241339, 25.819645157806193, 93.9134472326517]"
CEC_F17_10D,10,42,6000,12004.97329819012,1700.0,10304.97329819012,"[64.21292397121367, 8.059770341989394, 38.548913072381225, -7.849309074380442, -85.97880369434448, 73.76145611842735, -79.2824395571172, 31.536811529195305, 34.46026726432428, 93.67773981602431]"
